hor_codigo;hor_descricao;hor_concentracao;hor_forma_farmaceutica;hor_volume;hor_un_fornecimento
BR0278283;ACETAZOLAMIDA;250 MG;COMPRIMIDO;;COMPRIMIDO
BR0268375-1;ACICLOVIR;5%;CREME ;5 G;BISNAGA
BR0268375-2;ACICLOVIR;5%;CREME ;10 G;BISNAGA
BR0268370;ACICLOVIR;200 MG;COMPRIMIDO;;COMPRIMIDO
BR0268374;ACICLOVIR;250 MG;PÓ PARA SOLUÇĂO INJETÁVEL;;FRASCO-AMPOLA
BR0267501;ÁCIDO ACETILSALICÍLICO ;500 MG;COMPRIMIDO;;COMPRIMIDO
BR0267502;ÁCIDO ACETILSALICÍLICO ;100 MG;COMPRIMIDO;;COMPRIMIDO
BR0278489;ÁCIDO FÓLICO;0,2 MG/ML;SOLUÇĂO ORAL ;30 ML;FRASCO
BR0267503;ÁCIDO FÓLICO;5 MG;COMPRIMIDO;;COMPRIMIDO
BR0268292;ÁCIDO FOLÍNICO (FOLINATO DE CÁLCIO);15 MG;COMPRIMIDO;;COMPRIMIDO
BR0395558;ÁCIDO SALICÍLICO;5%;POMADA;;BISNAGA
BR0267504-2;ÁCIDO VALPRÓICO (VALPROATO DE SÓDIO) ;250 MG;COMPRIMIDO;;COMPRIMIDO
BR0267504-1;ÁCIDO VALPRÓICO (VALPROATO DE SÓDIO) ;250 MG;CÁPSULA ;;CAPSULA
BR0308732;ÁCIDO VALPRÓICO (VALPROATO DE SÓDIO) ;50 MG/ML;XAROPE ;100 ML;FRASCO
BR0267505;ÁCIDO VALPRÓICO (VALPROATO DE SÓDIO) ;500 MG;COMPRIMIDO;;COMPRIMIDO
BR0276839-1;ÁGUA DESTILADA;null null;SOLUÇĂO INJETÁVEL ;5 ML;AMPOLA
BR0276839-8;ÁGUA DESTILADA;null null;SOLUÇĂO INJETÁVEL ;100 ML;FRASCO
BR0276839-3;ÁGUA DESTILADA;null null;SOLUÇĂO INJETÁVEL ;500 ML;FRASCO
BR0276839-4;ÁGUA DESTILADA;null null;SOLUÇĂO INJETÁVEL ;10 ML;FRASCO
BR0267507-2;ALBENDAZOL;40 MG/ML;SUSPENSĂO ORAL ;20 ML;FRASCO
BR0267507-1;ALBENDAZOL;40 MG/ML;SUSPENSĂO ORAL ;10 ML;FRASCO
BR0267506;ALBENDAZOL;400 MG;COMPRIMIDO MASTIGÁVEL;;COMPRIMIDO
BR0395837;ALCATRĂO MINERAL;1%;POMADA;;BISNAGA
BR0269943-4;ÁLCOOL ETÍLICO;70%;GEL;5000 ML;FRASCO
BR0269943-3;ÁLCOOL ETÍLICO;70%;GEL;1000 ML;FRASCO
BR0269943-1;ÁLCOOL ETÍLICO;70%;GEL;500 ML;FRASCO
BR0269941;ÁLCOOL ETÍLICO;70%;SOLUÇĂO;1 L;FRASCO
BR0269943-2;ÁLCOOL ETÍLICO;70%;GEL;800 ML;FRASCO
BR0308721;ALENDRONATO DE SÓDIO ;10 MG;COMPRIMIDO;;COMPRIMIDO
BR0269462;ALENDRONATO DE SÓDIO ;70 MG;COMPRIMIDO;;COMPRIMIDO
BR0267508;ALOPURINOL;100 MG;COMPRIMIDO;;COMPRIMIDO
BR0267509;ALOPURINOL;300 MG;COMPRIMIDO;;COMPRIMIDO
BR0271710;AMIODARONA, CLORIDRATO;50 MG/ML;SOLUÇĂO INJETÁVEL ;3 ML;AMPOLA
BR0267510;AMIODARONA, CLORIDRATO;200 MG;COMPRIMIDO;;COMPRIMIDO
BR0276333;AMITRIPTILINA, CLORIDRATO;75 MG;COMPRIMIDO;;COMPRIMIDO
BR0267512;AMITRIPTILINA, CLORIDRATO;25 MG;COMPRIMIDO;;COMPRIMIDO
BR0271111-3;AMOXICILINA;50 MG/ML;PÓ PARA SUSPENSĂO ORAL ;150 ML;FRASCO
BR0271111-1;AMOXICILINA;50 MG/ML;PÓ PARA SUSPENSĂO ORAL ;60 ML;FRASCO
BR0271089-2;AMOXICILINA;500 MG;COMPRIMIDO;;COMPRIMIDO
BR0271089-1;AMOXICILINA;500 MG;CÁPSULA ;;CAPSULA
BR0271111-2;AMOXICILINA;50 MG/ML;PÓ PARA SUSPENSĂO ORAL ;80 ML;FRASCO
BR0271217;AMOXICILINA + CLAVULANATO DE POTÁSSIO;500 + 125 MG;COMPRIMIDO;;COMPRIMIDO
BR0281135-1;AMOXICILINA + CLAVULANATO DE POTÁSSIO;50 + 12,5 MG/ML;SUSPENSĂO ORAL ;75 ML;FRASCO
BR0281135-2;AMOXICILINA + CLAVULANATO DE POTÁSSIO;50 + 12,5 MG/ML;SUSPENSĂO ORAL ;100 ML;FRASCO
BR0268896 ;ANLODIPINO, BESILATO;10 MG;COMPRIMIDO;;COMPRIMIDO
BR0272434 ;ANLODIPINO, BESILATO;5 MG;COMPRIMIDO;;COMPRIMIDO
BR0267517;ATENOLOL;50 MG;COMPRIMIDO;;COMPRIMIDO
BR0267518;ATENOLOL;100 MG;COMPRIMIDO;;COMPRIMIDO
BR0268214;ATROPINA, SULFATO;0,25 MG/ML;SOLUÇĂO INJETÁVEL ;1 ML;AMPOLA
BR0267140;AZITROMICINA;500 MG;COMPRIMIDO;;COMPRIMIDO
BR0314517-3;AZITROMICINA;40 MG/ML;PÓ PARA SUSPENSĂO ORAL ;1200 MG;FRASCO
BR0314517-2;AZITROMICINA;40 MG/ML;PÓ PARA SUSPENSĂO ORAL ;900 MG;FRASCO
BR0314517-1;AZITROMICINA;40 MG/ML;PÓ PARA SUSPENSĂO ORAL ;600 MG;FRASCO
BR0314517-4;AZITROMICINA;40 MG/ML;PÓ PARA SUSPENSĂO ORAL ;1500 MG;FRASCO
BR0267586;BECLOMETASONA, DIPROPIONATO;200 MCG;CÁPSULA ;60 DOSES;CAPSULA
BR0267581;BECLOMETASONA, DIPROPIONATO;250 MCG/DOSE;AEROSSOL ORAL;200 DOSES;FRASCO
BR0267587;BECLOMETASONA, DIPROPIONATO;200 MCG/DOSE;PÓ PARA INALAÇĂO ORAL;100 DOSES;FRASCO
BR0346586-2;BECLOMETASONA, DIPROPIONATO;50 MCG/DOSE;AEROSSOL ORAL;200 DOSES;FRASCO
BR0346586-1;BECLOMETASONA, DIPROPIONATO;50 MCG/DOSE;AEROSSOL ORAL;130 DOSES;FRASCO
BR0267582-1;BECLOMETASONA, DIPROPIONATO;50 MCG/DOSE;AEROSSOL NASAL;200 DOSES;FRASCO
BR0267582-3;BECLOMETASONA, DIPROPIONATO;50 MCG/DOSE;AEROSSOL NASAL;130 DOSES;FRASCO
BR0267590;BECLOMETASONA, DIPROPIONATO;250 MCG/DOSE;AEROSSOL NASAL;200 DOSES;FRASCO
BR0270613;BENZILPENICILINA BENZATINA;600.000 UI;PÓ PARA SUSPENSĂO INJETÁVEL ;;FRASCO-AMPOLA
BR0270612;BENZILPENICILINA BENZATINA;1.200.000 UI;PÓ PARA SUSPENSĂO INJETÁVEL ;;FRASCO-AMPOLA
BR0270616;BENZILPENICILINA POTÁSSICA;5.000.000 UI;PÓ PARA SOLUÇĂO INJETÁVEL;;FRASCO
BR0270614;BENZILPENICILINA PROCAÍNA + BENZILPENICILINA POTÁSSICA;400.000 UI;PÓ PARA SUSPENSĂO INJETÁVEL ;;FRASCO-AMPOLA
BR0270597;BETAMETASONA, ACETATO + BETAMETASONA, FOSFATO DISSÓDICO;3 + 3 MG/ML;SUSPENSĂO INJETÁVEL;1 ML;AMPOLA
BR0270140;BIPERIDENO, CLORIDRATO ;2 MG;COMPRIMIDO;;COMPRIMIDO
BR0270141;BIPERIDENO, CLORIDRATO ;4 MG;COMPRIMIDO DE LIBERAÇĂO CONTROLADA ;;COMPRIMIDO
BR0270138;BIPERIDENO, LACTATO;5 MG/ML;SOLUÇĂO INJETÁVEL ;1 ML;AMPOLA
BR0266706;BUDESONIDA;32 MCG/DOSE;SUSPENSĂO NASAL;120 DOSES;FRASCO
BR0266707;BUDESONIDA;64 MCG/DOSE;SUSPENSĂO NASAL;120 DOSES;FRASCO
BR0266701;BUDESONIDA;50 MCG;SUSPENSĂO NASAL;200 DOSES;FRASCO
BR0266701-1;BUDESONIDA;50 MCG;SUSPENSĂO NASAL;120 DOSES;FRASCO
BR0266701;BUDESONIDA;50 MCG/DOSE;SUSPENSĂO NASAL;200 DOSES;FRASCO
BR0266701-3;BUDESONIDA;50 MCG/DOSE;SOLUÇĂO NASAL ;60 DOSES;FRASCO
BR0266701-4;BUDESONIDA;50 MCG/DOSE;SOLUÇĂO NASAL ;100 DOSES;FRASCO
BR0266706-1;BUDESONIDA;32 MCG/DOSE;SOLUÇĂO NASAL ;60 DOSES;FRASCO
BR0266707-1;BUDESONIDA;64 MCG/DOSE;SOLUÇĂO NASAL ;60 DOSES;FRASCO
BR0269574;BUPIVACAÍNA, CLORIDRATO;0,50%;SOLUÇĂO INJETÁVEL ;20 ML;FRASCO-AMPOLA
BR0269574-1;BUPIVACAÍNA, CLORIDRATO;0,50%;SOLUÇĂO INJETÁVEL ;4 ML;AMPOLA
BR0269573;BUPIVACAÍNA, CLORIDRATO;0,25%;SOLUÇĂO INJETÁVEL ;20 ML;FRASCO-AMPOLA
BR0268084;CABERGOLINA;0,5 MG;COMPRIMIDO;;COMPRIMIDO
BR0267613;CAPTOPRIL ;25 MG;COMPRIMIDO;;COMPRIMIDO
BR0272454-1;CARBAMAZEPINA ;20 MG/ML;SUSPENSĂO ORAL ;100 ML;FRASCO
BR0272454-2;CARBAMAZEPINA ;20 MG/ML;SUSPENSĂO ORAL ;120 ML;FRASCO
BR0267617;CARBAMAZEPINA ;400 MG;COMPRIMIDO;;COMPRIMIDO
BR0267618;CARBAMAZEPINA ;200 MG;COMPRIMIDO;;COMPRIMIDO
BR0270895-1;CARBONATO DE CÁLCIO (CÁLCIO ELEMENTAR);500 MG;COMPRIMIDO;;COMPRIMIDO
BR0296876;CARBONATO DE CÁLCIO + COLECALCIFEROL ;500 MG + 400 UI;COMPRIMIDO;;COMPRIMIDO
BR0270893;CARBONATO DE CÁLCIO + COLECALCIFEROL ;500 MG + 200 UI;COMPRIMIDO;;COMPRIMIDO
BR0267621;CARBONATO DE LÍTIO;300 MG;COMPRIMIDO;;COMPRIMIDO
BR0395721-4;CARVĂO VEGETAL ATIVADO;null null;PÓ;25 G;SACHE
BR0395721-3;CARVĂO VEGETAL ATIVADO;null null;PÓ;1000 G;FRASCO
BR0395721-2;CARVĂO VEGETAL ATIVADO;null null;PÓ;250 G;POTE
BR0395721-1;CARVĂO VEGETAL ATIVADO;null null;PÓ;50 G;ENVELOPE
BR0395721-5;CARVĂO VEGETAL ATIVADO;null null;PÓ;500 G;POTE
BR0267564;CARVEDILOL;12,5 MG;COMPRIMIDO;;COMPRIMIDO
BR0267565 ;CARVEDILOL;6,25 MG;COMPRIMIDO;;COMPRIMIDO
BR0267566;CARVEDILOL;3,125 MG;COMPRIMIDO;;COMPRIMIDO
BR0267567;CARVEDILOL;25 MG;COMPRIMIDO;;COMPRIMIDO
BR0331555-2;CEFALEXINA;50 MG/ML;SUSPENSĂO ORAL ;100 ML;FRASCO
BR0331555-1;CEFALEXINA;50 MG/ML;SUSPENSĂO ORAL ;60 ML;FRASCO
BR0267625-1;CEFALEXINA;500 MG;CÁPSULA ;;CAPSULA
BR0267625-2;CEFALEXINA;500 MG;COMPRIMIDO;;COMPRIMIDO
BR0268410;CEFOTAXIMA;500 MG;PÓ LIOFILIZADO;;FRASCO-AMPOLA
BR0294096;CEFTRIAXONA SÓDICA;250 MG;PÓ PARA SOLUÇĂO INJETÁVEL INTRAVENOSO;;FRASCO-AMPOLA
BR0268415;CEFTRIAXONA SÓDICA;1 G;PÓ PARA SOLUÇĂO INJETÁVEL INTRAMUSCULAR;;FRASCO-AMPOLA
BR0268414;CEFTRIAXONA SÓDICA;1 G;PÓ PARA SOLUÇĂO INJETÁVEL INTRAVENOSO;;FRASCO-AMPOLA
BR0294097;CEFTRIAXONA SÓDICA;250 MG;PÓ PARA SOLUÇĂO INJETÁVEL INTRAMUSCULAR;;FRASCO-AMPOLA
BR0271103-1;CETOCONAZOL;2%;XAMPU ;100 ML;FRASCO
BR0271103-2;CETOCONAZOL;2%;XAMPU ;120 ML;FRASCO
BR0341882;CIANOCOBALAMINA;500 MCG/ML;SOLUÇĂO INJETÁVEL ;2 ML;AMPOLA
BR0267632;CIPROFLOXACINO, CLORIDRATO;500 MG;COMPRIMIDO;;COMPRIMIDO
BR0267631;CIPROFLOXACINO, CLORIDRATO;250 MG;COMPRIMIDO;;COMPRIMIDO
BR0269988-2;CLARITROMICINA;50 MG/ML;SUSPENSĂO ORAL ;60 ML;FRASCO
BR0268439-1;CLARITROMICINA;500 MG;COMPRIMIDO;;COMPRIMIDO
BR0269986-2;CLARITROMICINA;250 MG;COMPRIMIDO;;COMPRIMIDO
BR0268439-2;CLARITROMICINA;500 MG;CÁPSULA ;;CAPSULA
BR0269988-1;CLARITROMICINA;50 MG/ML;SUSPENSĂO ORAL ;100 ML;FRASCO
BR0268436;CLINDAMICINA, CLORIDRATO;300 MG;CÁPSULA ;;CAPSULA
BR0268955;CLINDAMICINA, CLORIDRATO;150 MG;CÁPSULA ;;CAPSULA
BR0267523 ;CLOMIPRAMINA, CLORIDRATO;10 MG;COMPRIMIDO;;COMPRIMIDO
BR0267522;CLOMIPRAMINA, CLORIDRATO;25 MG;COMPRIMIDO;;COMPRIMIDO
BR0270120;CLONAZEPAM;2,5 MG/ML;SOLUÇĂO ORAL ;20 ML;FRASCO
BR0335097-1;CLORANFENICOL;250 MG;COMPRIMIDO;;COMPRIMIDO
BR0335097-2;CLORANFENICOL;250 MG;CÁPSULA ;;FICHA
BR0335103;CLORANFENICOL, PALMITATO;25 MG/ML;SUSPENSĂO ORAL ;60 ML;FRASCO
BR0375474-3;CLORETO DE SÓDIO;0,90%;SOLUÇĂO NASAL ;50 ML;FRASCO
BR0375474-2;CLORETO DE SÓDIO;0,90%;SOLUÇĂO NASAL ;30 ML;FRASCO
BR0267574;CLORETO DE SÓDIO;20%;SOLUÇĂO INJETÁVEL ;10 ML;AMPOLA
BR0375474-1;CLORETO DE SÓDIO;0,90%;SOLUÇĂO NASAL ;10 ML;FRASCO
BR0341174-3;CLOREXIDINA, DIGLICONATO 0,12% COLUTÓRIO 1 L;;;;FRASCO
BR0341174-1;CLOREXIDINA, DIGLICONATO 0,12% COLUTÓRIO 250 ML;null null;;;FRASCO
BR0341174-2;CLOREXIDINA, DIGLICONATO 0,12% COLUTÓRIO 500 ML;null null;;;FRASCO
BR0269876-1;CLOREXIDINA, DIGLICONATO 2 % SOLUÇĂO DEGERMANTE 100 ML;null null;;;FRASCO
BR0269876-2;CLOREXIDINA, DIGLICONATO 2% SOLUÇĂO DEGERMANTE 1 L;null null;;;FRASCO
BR0269877;CLOREXIDINA, DIGLICONATO 4 % SOLUÇĂO DEGERMANTE 1 L;null null;;;FRASCO
BR0340207;CLORPROMAZINA, CLORIDRATO;40 MG/ML;SOLUÇĂO ORAL ;20 ML;FRASCO
BR0267638;CLORPROMAZINA, CLORIDRATO;100 MG;COMPRIMIDO;;COMPRIMIDO
BR0267635;CLORPROMAZINA, CLORIDRATO;25 MG;COMPRIMIDO;;COMPRIMIDO
BR0268069;CLORPROMAZINA, CLORIDRATO;5 MG/ML;SOLUÇĂO INJETÁVEL ;5 ML;FRASCO-AMPOLA
BR0395618;CYNARA SCOLYMUS  (ALCACHOFRA);300 MG;CÁPSULA ;;CAPSULA
BR0399066;CYNARA SCOLYMUS (ALCACHOFRA);500 MG;CÁPSULA ;;CAPSULA
BR0267187 ;DEXAMETASONA ;1 MG/ML;SOLUÇĂO OFTÁLMICA;5 ML;FRASCO
BR0268243-1;DEXAMETASONA ;0,1 MG/ML;ELIXIR;100 ML;FRASCO
BR0269388;DEXAMETASONA ;4 MG;COMPRIMIDO;;COMPRIMIDO
BR0268243-2;DEXAMETASONA ;0,1 MG/ML;ELIXIR;120 ML;FRASCO
BR0267643;DEXAMETASONA ;0,10%;CREME ;10 G;BISNAGA
BR0292427;DEXAMETASONA, FOSFATO DISSÓDICO;4 MG/ML;SOLUÇĂO INJETÁVEL ;2,5 ML;FRASCO-AMPOLA
BR0267646-2;DEXCLORFENIRAMINA, MALEATO;0,4 MG/ML;SOLUÇĂO ORAL ;120 ML;FRASCO
BR0267645;DEXCLORFENIRAMINA, MALEATO;2 MG;COMPRIMIDO;;COMPRIMIDO
BR0267646-1;DEXCLORFENIRAMINA, MALEATO;0,4 MG/ML;SOLUÇĂO ORAL ;100 ML;FRASCO
BR0298454-2;DEXCLORFENIRAMINA, MALEATO;0,4 MG/ML;XAROPE ;120 ML;FRASCO
BR0267646-3;DEXCLORFENIRAMINA, MALEATO;0,4 MG/ML;SOLUÇĂO ORAL ;150 ML;FRASCO
BR0298454-1;DEXCLORFENIRAMINA, MALEATO;0,4 MG/ML;XAROPE ;100 ML;FRASCO
BR0287595;DIAFRAGMA, SILICONE, 65 MM, USO GINECOLÓGICO, COM ARO ESPIRAL EM METAL TRATADO, EMBALADO INDIVIDUALMENTE;null null;;;UM
BR0287593;DIAFRAGMA, SILICONE, 70 MM, USO GINECOLÓGICO, COM ARO ESPIRAL EM METAL TRATADO, EMBALADO INDIVIDUALMENTE;null null;;;UM
BR0287594;DIAFRAGMA, SILICONE, 75 MM, USO GINECOLÓGICO, COM ARO ESPIRAL EM METAL TRATADO, EMBALADO INDIVIDUALMENTE;null null;;;UM
BR0287592;DIAFRAGMA, SILICONE, 80 MM, USO GINECOLÓGICO, COM ARO ESPIRAL EM METAL TRATADO, EMBALADO INDIVIDUALMENTE;null null;;;UM
BR0267195;DIAZEPAM;5 MG;COMPRIMIDO;;COMPRIMIDO
BR0267197;DIAZEPAM;10 MG;COMPRIMIDO;;COMPRIMIDO
BR0267194;DIAZEPAM;5 MG/ML;SOLUÇĂO INJETÁVEL ;2 ML;AMPOLA
BR0267647;DIGOXINA ;0,25 MG;COMPRIMIDO;;COMPRIMIDO
BR0267648;DIGOXINA ;0,05 MG/ML;ELIXIR;60 ML;FRASCO
BR0267205-3;DIPIRONA SÓDICA ;500 MG/ML;SOLUÇĂO ORAL ;20 ML;FRASCO
BR0267205-1;DIPIRONA SÓDICA ;500 MG/ML;SOLUÇĂO ORAL ;10 ML;FRASCO
BR0267205-2;DIPIRONA SÓDICA ;500 MG/ML;SOLUÇĂO ORAL ;15 ML;FRASCO
BR0268252;DIPIRONA SÓDICA ;500 MG/ML;SOLUÇĂO INJETÁVEL ;2 ML;AMPOLA
BR0267203;DIPIRONA SÓDICA ;500 MG;COMPRIMIDO;;COMPRIMIDO
BR0297746;"DISPOSITIVO INTRA-UTERINO (DIU), EM ""T"", FLEXÍVEL, POLETILENO, FIO COBRE ENROLADO HASTE,CONE COBRE NOS BRAÇOS ""T"", 2 FIOS POLIETILENO BRANCO 2 A 3CM";null null;;;UM
BR0268446;DOBUTAMINA, CLORIDRATO;12,5 MG/ML;SOLUÇĂO INJETÁVEL ;20 ML;AMPOLA
BR0268960;DOPAMINA, CLORIDRATO;5 MG/ML;SOLUÇĂO INJETÁVEL ;10 ML;AMPOLA
BR0268495;DOXAZOSINA, MESILATO;4 MG;COMPRIMIDO;;COMPRIMIDO
BR0268493;DOXAZOSINA, MESILATO;2 MG;COMPRIMIDO;;COMPRIMIDO
BR0267651 ;ENALAPRIL, MALEATO;10 MG;COMPRIMIDO;;COMPRIMIDO
BR0267650 ;ENALAPRIL, MALEATO;5 MG;COMPRIMIDO;;COMPRIMIDO
BR0267652;ENALAPRIL, MALEATO;20 MG;COMPRIMIDO;;COMPRIMIDO
BR0270846;ENANTATO DE NORETISTERONA + VALERATO DE  ESTRADIO;50 + 5 MG/ML;SOLUÇĂO INJETÁVEL ;1 ML;AMPOLA
BR0268255;EPINEFRINA;1 MG/ML;SOLUÇĂO INJETÁVEL ;1 ML;AMPOLA
BR0269998;ERITROMICINA, ESTOLATO;50 MG/ML;SUSPENSĂO ORAL ;60 ML;FRASCO
BR0269997-2;ERITROMICINA, ESTOLATO;25 MG/ML;SUSPENSĂO ORAL ;60 ML;FRASCO
BR0269996;ERITROMICINA, ESTOLATO;500 MG;COMPRIMIDO;;COMPRIMIDO
BR0343494;ESPIRAMICINA;(1,5 MUI) 500 MG;COMPRIMIDO;;COMPRIMIDO
BR0267653;ESPIRONOLACTONA ;25 MG;COMPRIMIDO;;COMPRIMIDO
BR0267654;ESPIRONOLACTONA ;100 MG;COMPRIMIDO;;COMPRIMIDO
BR0267208;ESTRIOL;1 MG/G;CREME VAGINAL ;50 G;BISNAGA
BR0356602;ESTROGĘNIOS CONJUGADOS;0,3 MG;COMPRIMIDO;;COMPRIMIDO
BR0271435;ESTROGĘNIOS CONJUGADOS;0,625 MG/G;CREME VAGINAL ;25 G;BISNAGA
BR0269391;FENITOÍNA SÓDICA ;20 MG/ML;SUSPENSĂO ORAL ;120 ML;FRASCO
BR0267657;FENITOÍNA SÓDICA ;100 MG;COMPRIMIDO;;COMPRIMIDO
BR0267107;FENITOÍNA SÓDICA ;50 MG/ML;SOLUÇĂO INJETÁVEL ;5 ML;AMPOLA
BR0300723;FENOBARBITAL ;40 MG/ML;SOLUÇĂO ORAL ;20 ML;FRASCO
BR0300725;FENOBARBITAL ;100 MG/ML;SOLUÇĂO INJETÁVEL ;2 ML;AMPOLA
BR0267660;FENOBARBITAL ;100 MG;COMPRIMIDO;;COMPRIMIDO
BR0275963;FINASTERIDA;5 MG;COMPRIMIDO;;COMPRIMIDO
BR0267662;FLUCONAZOL;150 MG;CÁPSULA ;;CAPSULA
BR0267661;FLUCONAZOL;100 MG;CÁPSULA ;;CAPSULA
BR0268510;FLUMAZENIL;0,1 MG/ML;SOLUÇĂO INJETÁVEL ;5 ML;AMPOLA
BR0273009-1;FLUOXETINA, CLORIDRATO;20 MG;CÁPSULA ;;CAPSULA
BR0273009-2;FLUOXETINA, CLORIDRATO;20 MG;COMPRIMIDO;;COMPRIMIDO
BR0386482;FOSFATO DE CÁLCIO TRIBÁSICO + COLECALCIFEROL;600 MG + 400 UI;COMPRIMIDO;;COMPRIMIDO
BR0267663;FUROSEMIDA;40 MG;COMPRIMIDO;;COMPRIMIDO
BR0267666;FUROSEMIDA;10 MG/ML;SOLUÇĂO INJETÁVEL ;2 ML;AMPOLA
BR0325424-2;GEL LUBRIFICANTE, ÍNTIMO, INCOLOR, INODORO, SOLÚVEL EM ÁGUA, TRANSPARENTE E NĂO GORDUROSO, SACHĘ 10 G   ;null null;;;UM
BR0325424-1;GEL LUBRIFICANTE, ÍNTIMO, INCOLOR, INODORO, SOLÚVEL EM ÁGUA, TRANSPARENTE E NĂO GORDUROSO, SACHĘ 5 G   ;null null;;;UM
BR0291174 ;GENTAMICINA, SULFATO;5 MG/G;POMADA OFTÁLMICA ;3,5 G;BISNAGA
BR0372372;GENTAMICINA, SULFATO;5 MG/ML;SOLUÇĂO OFTÁLMICA;5 ML;FRASCO
BR0267671;GLIBENCLAMIDA;5 MG;COMPRIMIDO;;COMPRIMIDO
BR0268185;GLICEROL  ;null null;SUPOSITÓRIO INFANTIL;;SUPOSITORIO
BR0269622-3;GLICEROL  ;120 MG/ML;ENEMA ;1 L;FRASCO
BR0268186;GLICEROL  ;null null;SUPOSITÓRIO ADULTO;;UM
BR0269622-1;GLICEROL  ;120 MG/ML;ENEMA ;250 ML;FRASCO
BR0269622-2;GLICEROL  ;120 MG/ML;ENEMA ;500 ML;FRASCO
BR0273115;GLICLAZIDA;80 MG;COMPRIMIDO;;COMPRIMIDO
BR0273116;GLICLAZIDA;30 MG;COMPRIMIDO DE LIBERAÇĂO CONTROLADA ;;COMPRIMIDO
BR0417713;GLICLAZIDA;60 MG;COMPRIMIDO DE LIBERAÇĂO CONTROLADA ;null null;COMPRIMIDO
BR0267540;GLICOSE;25%;SOLUÇĂO INJETÁVEL ;10 ML;AMPOLA
BR0267541;GLICOSE;50%;SOLUÇĂO INJETÁVEL ;10 ML;AMPOLA
BR0267544-1;GLICOSE;10%;SOLUÇĂO INJETÁVEL ;100 ML SISTEMA FECHADO;UM
BR0267544-2;GLICOSE;10%;SOLUÇĂO INJETÁVEL ;250 ML SISTEMA FECHADO;UM
BR0267544-3;GLICOSE;10%;SOLUÇĂO INJETÁVEL ;500 ML SISTEMA FECHADO;UM
BR0267544-4;GLICOSE;10%;SOLUÇĂO INJETÁVEL ;1000 ML SISTEMA FECHADO;UM
BR0270092;GLICOSE;5%;SOLUÇĂO INJETÁVEL ;100 ML SISTEMA FECHADO;UM
BR0270092-1;GLICOSE;5%;SOLUÇĂO INJETÁVEL ;250 ML SISTEMA FECHADO;UM
BR0270092-2;GLICOSE;5%;SOLUÇĂO INJETÁVEL ;500 SISTEMA FECHADO;UM
BR0270092-3;GLICOSE;5%;SOLUÇĂO INJETÁVEL ;1000 ML SISTEMA FECHADO;UM
BR0353564;GLICOSE;50%;SOLUÇĂO INJETÁVEL ;500 ML SISTEMA FECHADO;UM
BR0269882-1;GLUTARAL SOLUÇĂO 2% COM PÓ ATIVADOR PARA 14 DIAS 1 L;null null;;null null;FRASCO
BR0269882-2;GLUTARAL SOLUÇĂO 2% COM PÓ ATIVADOR PARA 14 DIAS 5L ;null null;;null null;FRASCO
BR0269883-2;GLUTARAL, SOLUÇĂO A 2%, COM PÓ ATIVADOR PARA 28 DIAS, GALĂO 1 L;null null;;null null;FRASCO
BR0269883-1;GLUTARAL, SOLUÇĂO A 2%, COM PÓ ATIVADOR PARA 28 DIAS, GALĂO 5 L;null null;;null null;UM
BR0395620;GLYCINE MAX (ISOFLAVONA DE SOJA);150 MG;CÁPSULA ;;CAPSULA
BR0404690;GLYCINE MAX (ISOFLAVONA DE SOJA);75 MG;CÁPSULA ;;CAPSULA
BR0267669;HALOPERIDOL;5 MG;COMPRIMIDO;;COMPRIMIDO
BR0292195-1;HALOPERIDOL;2 MG/ML;SOLUÇĂO ORAL ;10 ML;FRASCO
BR0292195-2;HALOPERIDOL;2 MG/ML;SOLUÇĂO ORAL ;20 ML;FRASCO
BR0267670;HALOPERIDOL;1 MG;COMPRIMIDO;;COMPRIMIDO
BR0292196;HALOPERIDOL;5 MG/ML;SOLUÇĂO INJETÁVEL ;1 ML;AMPOLA
BR0292195-3;HALOPERIDOL;2 MG/ML;SOLUÇĂO ORAL ;30 ML;FRASCO
BR0292194;HALOPERIDOL, DECANOATO;(70,52 MG) 50 MG/ML;SOLUÇĂO INJETÁVEL ;1 ML;AMPOLA
BR0399410;HARPAGOPHYTUM PROCUBENS (GARRA DO DIABO);500 MG;CÁPSULA ;;CAPSULA
BR0417285;HARPAGOPHYTUM PROCUBENS (GARRA DO DIABO);200 MG;CÁPSULA ;;CAPSULA
BR0393339;HARPAGOPHYTUM PROCUBENS (GARRA DO DIABO);400 MG;COMPRIMIDO;;COMPRIMIDO
BR0268463;HEPARINA SÓDICA;5000/0,25 UI/ML;SOLUÇĂO INJETÁVEL ;0,25 ML;AMPOLA
BR0268112;HIDRALAZINA, CLORIDRATO;50 MG;DRÁGEA;;DRAGEA
BR0268111 ;HIDRALAZINA, CLORIDRATO;25 MG;DRÁGEA;;DRAGEA
BR0267674;HIDROCLOROTIAZIDA ;25 MG;COMPRIMIDO;;COMPRIMIDO
BR0364324;HIDROCLOROTIAZIDA ;12,5 MG;COMPRIMIDO;null null;COMPRIMIDO
BR0345240-3;HIDROCORTISONA, ACETATO;10 MG/G;CREME ;20 G;BISNAGA
BR0345240-2;HIDROCORTISONA, ACETATO;10 MG/G;CREME ;30 G;BISNAGA
BR0345240-1;HIDROCORTISONA, ACETATO;10 MG/G;CREME ;15 G;BISNAGA
BR0270220;HIDROCORTISONA, SUCCINATO SÓDICO;100 MG;PÓ PARA SOLUÇĂO INJETÁVEL;;FRASCO-AMPOLA
BR0342134;HIDROCORTISONA, SUCCINATO SÓDICO;500 MG;PÓ PARA SOLUÇĂO INJETÁVEL;;FRASCO-AMPOLA
BR0340783-3;HIDRÓXIDO DE ALUMÍNIO;61,5 MG/ML;SUSPENSĂO ORAL ;150 ML;FRASCO
BR0340783-2;HIDRÓXIDO DE ALUMÍNIO;61,5 MG/ML;SUSPENSĂO ORAL ;100 ML;FRASCO
BR0267271;HIDRÓXIDO DE ALUMÍNIO;300 MG;COMPRIMIDO;;COMPRIMIDO
BR0340783-4;HIDRÓXIDO DE ALUMÍNIO;61,5 MG/ML;SUSPENSĂO ORAL ;240 ML;FRASCO
BR0367514;HIDRÓXIDO DE ALUMÍNIO;230 MG;COMPRIMIDO;null null;COMPRIMIDO
BR0343303-1;HIPOCLORITO DE SÓDIO;1%;SOLUÇĂO;1000 ML;FRASCO
BR0343303-2;HIPOCLORITO DE SÓDIO 1% SOLUÇĂO 5 L;null null;;;FRASCO
BR0373909-1;HIPROMELOSE;3 MG/ML;SOLUÇĂO OFTÁLMICA;5 ML;FRASCO
BR0373909-2;HIPROMELOSE;3 MG/ML;SOLUÇĂO OFTÁLMICA;10 ML;FRASCO
BR0373909-3;HIPROMELOSE;3 MG/ML;SOLUÇĂO OFTÁLMICA;15 ML;FRASCO
BR0270042;HIPROMELOSE;5 MG/ML;SOLUÇĂO OFTÁLMICA;10 ML;FRASCO
BR0267677;IBUPROFENO ;300 MG;COMPRIMIDO;;COMPRIMIDO
BR0267676;IBUPROFENO ;600 MG;COMPRIMIDO;;COMPRIMIDO
BR0332754;IBUPROFENO ;50 MG/ML;SUSPENSĂO ORAL ;30 ML;FRASCO
BR0294648;IBUPROFENO ;200 MG;COMPRIMIDO;;COMPRIMIDO
BR0271157-1;INSULINA HUMANA NPH;100 UI/ML;SUSPENSĂO INJETÁVEL;3 ML;CARPULE
BR0271157-2;INSULINA HUMANA NPH;100 UI/ML;SUSPENSĂO INJETÁVEL;10 ML;FRASCO-AMPOLA
BR0271154-1;INSULINA HUMANA REGULAR;100 UI/ML;SOLUÇĂO INJETÁVEL ;10 ML;FRASCO-AMPOLA
BR0271154-2;INSULINA HUMANA REGULAR;100 UI/ML;SOLUÇĂO INJETÁVEL ;3 ML;CARPULE
BR0327215;IODO + IODETO DE POTÁSSIO 20 + 40 MG/ML (LUGOL 2 %) SOLUÇĂO 1 L;null null;;null null;FRASCO
BR0268331-2;IPRATRÓPIO, BROMETO ;0,25 MG/ML;SOLUÇĂO PARA INALAÇĂO;20 ML;FRASCO
BR0268331-1;IPRATRÓPIO, BROMETO ;0,25 MG/ML;SOLUÇĂO PARA INALAÇĂO;15 ML;FRASCO
BR0268332;IPRATRÓPIO, BROMETO ;0,02 MG/DOSE;PÓ PARA INALAÇĂO ORAL;200 DOSES;FRASCO
BR0273395;ISOSSORBIDA, DINITRATO;5 MG;COMPRIMIDO SUBLINGUAL ;;COMPRIMIDO
BR0273401;ISOSSORBIDA, MONONITRATO;40 MG;COMPRIMIDO;;COMPRIMIDO
BR0273400;ISOSSORBIDA, MONONITRATO;20 MG;COMPRIMIDO;;COMPRIMIDO
BR0268861;ITRACONAZOL;100 MG;CÁPSULA ;;CAPSULA
BR0273328;IVERMECTINA;6 MG;COMPRIMIDO;;COMPRIMIDO
BR0305247-2;LACTULOSE;667 MG/ML;XAROPE ;120 ML;FRASCO
BR0389338;LANCETA, AÇO INOXIDÁVEL, TRIFACETADA, ULTRA FINA, DESCARTÁVEL, ESTÉRIL;null null;;;UM
BR0303151;LANCETA, AÇO INOXIDÁVEL,PONTA AFIADA,TRIFACETADA, DESCARTÁVEL, ESTÉRIL, EMBALAGEM INDIVIDUAL;null null;;;UM
BR0270127-2;LEVODOPA + BENSERAZIDA ;100 + 25 MG;CÁPSULA ;;CAPSULA
BR0270127-1;LEVODOPA + BENSERAZIDA ;100 + 25 MG;COMPRIMIDO;;COMPRIMIDO
BR0270126;LEVODOPA + BENSERAZIDA ;200 + 50 MG;COMPRIMIDO;;COMPRIMIDO
BR0270129;LEVODOPA + CARBIDOPA ;200 + 50  MG;COMPRIMIDO;;COMPRIMIDO
BR0270130;LEVODOPA + CARBIDOPA ;250 + 25 MG;COMPRIMIDO;;COMPRIMIDO
BR0295853;LEVONORGESTREL;1,5 MG;COMPRIMIDO;;COMPRIMIDO
BR0268956;LEVONORGESTREL;0,75 MG;COMPRIMIDO;;CARTELA
BR0272789;LEVONORGESTREL + ETINILESTRADIOL; 0,15 + 0,03 MG;COMPRIMIDO;;CARTELA
BR0268125;LEVOTIROXINA SÓDICA;100 MCG;COMPRIMIDO;;COMPRIMIDO
BR0268123;LEVOTIROXINA SÓDICA;50 MCG;COMPRIMIDO;;COMPRIMIDO
BR0268124;LEVOTIROXINA SÓDICA;25 MCG;COMPRIMIDO;;COMPRIMIDO
BR0269842-2;LIDOCAÍNA, CLORIDRATO;10 MG/ML;SOLUÇĂO INJETÁVEL ;20 ML;FRASCO
BR0269843-1;LIDOCAÍNA, CLORIDRATO;20 MG/ML;SOLUÇĂO INJETÁVEL ;5 ML;AMPOLA
BR0269843-3;LIDOCAÍNA, CLORIDRATO;20 MG/ML;SOLUÇĂO INJETÁVEL ;1,8 ML;TUBETE
BR0269842-3;LIDOCAÍNA, CLORIDRATO;10 MG/ML;SOLUÇĂO INJETÁVEL ;50 ML;FRASCO
BR0269842-1;LIDOCAÍNA, CLORIDRATO;10 MG/ML;SOLUÇĂO INJETÁVEL ;5 ML;AMPOLA
BR0269845-2;LIDOCAÍNA, CLORIDRATO;100 MG/ML;SOLUÇĂO TÓPICA;70 ML;FRASCO
BR0269846-1;LIDOCAÍNA, CLORIDRATO;20 MG/G;GELÉIA;10 G;BISNAGA
BR0269843-2;LIDOCAÍNA, CLORIDRATO;20 MG/ML;SOLUÇĂO INJETÁVEL ;20 ML;AMPOLA
BR0269845-1;LIDOCAÍNA, CLORIDRATO;100 MG/ML;SOLUÇĂO TÓPICA;50 ML;FRASCO
BR0269846-2;LIDOCAÍNA, CLORIDRATO;20 MG/G;GELÉIA;30 G;BISNAGA
BR0275402;LIDOCAÍNA, CLORIDRATO + EPINEFRINA;10 MG/ML + 1.200.000  UI;FRASCO;20 ML;FRASCO
BR0269852-1;LIDOCAÍNA, CLORIDRATO + EPINEFRINA;20 MG/ML + 1:200.000 UI;SOLUÇĂO INJETÁVEL ;5 ML;AMPOLA
BR0269852-2;LIDOCAÍNA, CLORIDRATO + EPINEFRINA;20 MG/ML + 1:200.000 UI;SOLUÇĂO INJETÁVEL ;20 ML;AMPOLA
BR0397428-1;LIDOCAÍNA, CLORIDRATO + EPINEFRINA;2% + 1:80.000;SOLUÇĂO INJETÁVEL ;1,8 ML;TUBETE
BR0397428-2;LIDOCAÍNA, CLORIDRATO + EPINEFRINA;2% + 1:80.000;SOLUÇĂO INJETÁVEL ;20 ML;Fr-amp
BR0269848;LIDOCAÍNA, CLORIDRATO + GLICOSE;50 + 75 MG/ML;SOLUÇĂO INJETÁVEL ;2 ML;AMPOLA
BR0273466;LORATADINA;10 MG;COMPRIMIDO;;COMPRIMIDO
BR0273467-1;LORATADINA;1 MG/ML;XAROPE ;60 ML;FRASCO
BR0273467-2;LORATADINA;1 MG/ML;XAROPE ;100 ML;FRASCO
BR0273467;LORATADINA;1 MG/ML;XAROPE ;120 ML;FRASCO
BR0268856;LOSARTANA POTÁSSICA;50 MG;COMPRIMIDO;;COMPRIMIDO
BR0407030-2;MAGNÉSIO, SULFATO;990 MG/G;PÓ PARA SOLUÇĂO ORAL;30 G;ENVELOPE
BR0268075;MAGNÉSIO, SULFATO;50%;SOLUÇĂO INJETÁVEL ;10 ML;AMPOLA
BR0407030-1;MAGNÉSIO, SULFATO;990 MG/G;PÓ PARA SOLUÇĂO ORAL;15 G;SACHE
BR0268076;MAGNÉSIO, SULFATO;10%;SOLUÇĂO INJETÁVEL ;10 ML;AMPOLA
BR0396450;MAYTENUS ILICIFOLIA (ESPINHEIRA SANTA);380 MG;CÁPSULA ;;CAPSULA
BR0399411;MAYTENUS ILICIFOLIA (ESPINHEIRA SANTA);12 MG/ML;TINTURA;100 ML;FRASCO
BR0399412;MAYTENUS ILICIFOLIA (ESPINHEIRA SANTA);500 MG;CÁPSULA ;;CAPSULA
BR0292227;MEDROXIPROGESTERONA, ACETATO;50 MG/ML;SOLUÇĂO INJETÁVEL ;1 ML;FRASCO-AMPOLA
BR0271445;MEDROXIPROGESTERONA, ACETATO;10 MG;COMPRIMIDO;;COMPRIMIDO
BR0292228;MEDROXIPROGESTERONA, ACETATO;150 MG/ML;SOLUÇĂO INJETÁVEL ;1 ML;AMPOLA
BR0267690;METFORMINA, CLORIDRATO;500 MG;COMPRIMIDO;;COMPRIMIDO
BR0267691;METFORMINA, CLORIDRATO;850 MG;COMPRIMIDO;;COMPRIMIDO
BR0267689;METILDOPA ;250 MG;COMPRIMIDO;;COMPRIMIDO
BR0267312;METOCLOPRAMIDA, CLORIDRATO;10 MG;COMPRIMIDO;;COMPRIMIDO
BR0267310;METOCLOPRAMIDA, CLORIDRATO;5 MG/ML;SOLUÇĂO INJETÁVEL ;2 ML;AMPOLA
BR0267311;METOCLOPRAMIDA, CLORIDRATO;4 MG/ML;SOLUÇĂO ORAL ;10 ML;FRASCO
BR0276656;METOPROLOL, SUCCINATO;25 MG;COMPRIMIDO DE LIBERAÇĂO CONTROLADA ;;COMPRIMIDO
BR0276657;METOPROLOL, SUCCINATO;50 MG;COMPRIMIDO DE LIBERAÇĂO CONTROLADA ;;COMPRIMIDO
BR0276658;METOPROLOL, SUCCINATO;100 MG;COMPRIMIDO DE LIBERAÇĂO CONTROLADA ;;COMPRIMIDO
BR0394650;METOPROLOL, TARTARATO;100 MG;COMPRIMIDO;;COMPRIMIDO
BR0372335;METRONIDAZOL;100 MG/G;GEL VAGINAL ;50 G;BISNAGA
BR0267717;METRONIDAZOL;250 MG;COMPRIMIDO;;COMPRIMIDO
BR0268499;METRONIDAZOL;400 MG;COMPRIMIDO;;COMPRIMIDO
BR0266863-2;METRONIDAZOL (BENZOILMETRONIDAZOL);40 MG/ML;SUSPENSĂO ORAL ;100 ML;FRASCO
BR0266863-3;METRONIDAZOL (BENZOILMETRONIDAZOL);40 MG/ML;SUSPENSĂO ORAL ;120 ML;FRASCO
BR0266863-1;METRONIDAZOL (BENZOILMETRONIDAZOL);40 MG/ML;SUSPENSĂO ORAL ;80 ML;FRASCO
BR0268162-2;MICONAZOL, NITRATO;2%;CREME VAGINAL ;80 G;BISNAGA
BR0268286-2;MICONAZOL, NITRATO;2%;CREME ;80 G;BISNAGA
BR0268267 ;MICONAZOL, NITRATO;2%;LOÇĂO ;30 ML;FRASCO
BR0268269 ;MICONAZOL, NITRATO;2%;GEL ORAL ;40 G;BISNAGA
BR0268268;MICONAZOL, NITRATO;2%;PÓ;30 G;FRASCO
BR0268286-1;MICONAZOL, NITRATO;2%;CREME ;28 G;BISNAGA
BR0268162-1;MICONAZOL, NITRATO;2%;CREME VAGINAL ;60 G;BISNAGA
BR0271556;MIDAZOLAM, CLORIDRATO;2 MG/ML;SOLUÇĂO ORAL ;10 ML;FRASCO
BR0395631-1;MIKANIA GLOMERATA (GUACO);0,05 ML/ML;XAROPE ;100 ML;FRASCO
BR0395631-2;MIKANIA GLOMERATA (GUACO);0,05 ML/ML;XAROPE ;150 ML;FRASCO
BR0395728-1;MIKANIA GLOMERATA (GUACO);0,25 ML/ML;XAROPE ;100 ML;FRASCO
BR0397280;MIKANIA GLOMERATA (GUACO);0,1 ML/ML;XAROPE ;120 ML;FRASCO
BR0395728-2;MIKANIA GLOMERATA (GUACO);0,25 ML/ML;XAROPE ;120 ML;FRASCO
BR0413681-1;MIKANIA GLOMERATA (GUACO);81,5 MG/ML;SOLUÇĂO ORAL ;120 ML;FRASCO
BR0273481;MISOPROSTOL;25 MCG;COMPRIMIDO;;COMPRIMIDO
BR0273482;MISOPROSTOL;200 MCG;COMPRIMIDO;;COMPRIMIDO
BR0272326;NALOXONA, CLORIDRATO;0,4 MG/ML;SOLUÇĂO INJETÁVEL ;1 ML;AMPOLA
BR0267728-1;NIFEDIPINO;10 MG;COMPRIMIDO;;COMPRIMIDO
BR0267728-2;NIFEDIPINO;10 MG;CÁPSULA ;;CAPSULA
BR0267378-5;NISTATINA;100.000 UI/ML;SUSPENSĂO ORAL ;120 ML;FRASCO
BR0267378-2;NISTATINA;100.000 UI/ML;SUSPENSĂO ORAL ;40 ML;FRASCO
BR0267378-3;NISTATINA;100.000 UI/ML;SUSPENSĂO ORAL ;50 ML;FRASCO
BR0267378-1;NISTATINA;100.000 UI/ML;SUSPENSĂO ORAL ;30 ML;FRASCO
BR0267378-4;NISTATINA;100.000 UI/ML;SUSPENSĂO ORAL ;60 ML;FRASCO
BR0305714;NITROFURANTOÍNA;5 MG/ML;SUSPENSĂO ORAL ;120 ML;FRASCO
BR0268273-1;NITROFURANTOÍNA;100 MG;CÁPSULA ;;CAPSULA
BR0305718;NOREPINEFRINA;2 MG/ML;SOLUÇĂO INJETÁVEL ;4 ML;AMPOLA
BR0267733;NORETISTERONA;0,35 MG;COMPRIMIDO;;CARTELA
BR0271609-1;NORTRIPTILINA, CLORIDRATO;10 MG;CÁPSULA ;;CAPSULA
BR0271606;NORTRIPTILINA, CLORIDRATO;25 MG;CÁPSULA ;;CAPSULA
BR0271610;NORTRIPTILINA, CLORIDRATO;50 MG;CÁPSULA ;;CAPSULA
BR0271607;NORTRIPTILINA, CLORIDRATO;75 MG;CÁPSULA ;;CAPSULA
BR0233632-1;ÓLEO MINERAL (VASELINA LÍQUIDA / PETROLATO);null null;FRASCO;100 ML;FRASCO
BR0233632-4;ÓLEO MINERAL (VASELINA LÍQUIDA / PETROLATO);null null;FRASCO;500 ML;FRASCO
BR0233632-3;ÓLEO MINERAL (VASELINA LÍQUIDA / PETROLATO);null null;FRASCO;200 ML;FRASCO
BR0233632-2;ÓLEO MINERAL (VASELINA LÍQUIDA / PETROLATO);null null;FRASCO;120 ML;FRASCO
BR0267711;OMEPRAZOL;10 MG;CÁPSULA ;;CAPSULA
BR0267712;OMEPRAZOL;20 MG;CÁPSULA ;;CAPSULA
BR0268506;ONDANSETRONA, CLORIDRATO;4 MG;COMPRIMIDO;;COMPRIMIDO
BR0268505;ONDANSETRONA, CLORIDRATO;8 MG;COMPRIMIDO;;COMPRIMIDO
BR0290891;OXAMNIQUINA;50 MG/ML;SUSPENSĂO ORAL ;12 ML;FRASCO
BR0267778;PARACETAMOL ;500 MG;COMPRIMIDO;;COMPRIMIDO
BR0267777-1;PARACETAMOL ;200 MG/ML;SOLUÇĂO ORAL ;10 ML;FRASCO
BR0267777-2;PARACETAMOL ;200 MG/ML;SOLUÇĂO ORAL ;15 ML;FRASCO
BR0267777-3;PARACETAMOL ;200 MG/ML;SOLUÇĂO ORAL ;20 ML;FRASCO
BR0274648-1;PASTA D’ÁGUA;null null;PASTA ;30 G;POTE
BR0274648-2;PASTA D’ÁGUA;null null;PASTA ;40 G;POTE
BR0274648-4;PASTA D’ÁGUA;null null;PASTA ;90 G;POTE
BR0274648-5;PASTA D’ÁGUA;null null;PASTA ;80 G;POTE
BR0274648-3;PASTA D’ÁGUA;null null;PASTA ;100 G;POTE
BR0327699-1;PERMANGANATO DE POTÁSSIO;100 MG;COMPRIMIDO;;COMPRIMIDO
BR0327699-2;PERMANGANATO DE POTÁSSIO;100 MG;PÓ;;SACHE
BR0363597-2;PERMETRINA;50 MG/ML;LOÇĂO ;100 ML;FRASCO
BR0267773-1;PERMETRINA;10 MG/ML;LOÇĂO ;60 ML;FRASCO
BR0267773-2;PERMETRINA;10 MG/ML;LOÇĂO ;100 ML;FRASCO
BR0363597-1;PERMETRINA;50 MG/ML;LOÇĂO ;60 ML;FRASCO
BR0366861 -2;PERÓXIDO DE BENZOÍLA;5%;GEL;20 G;BISNAGA
BR0366861;PERÓXIDO DE BENZOÍLA;5%;GEL;60 G;BISNAGA
BR0384537-2;PERÓXIDO DE BENZOÍLA;2,50%;GEL;20 G;BISNAGA
BR0366861-3;PERÓXIDO DE BENZOÍLA;5%;GEL;45 G;BISNAGA
BR0384537;PERÓXIDO DE BENZOÍLA;2,50%;GEL;60 G;BISNAGA
BR0271353-1;PILOCARPINA, CLORIDRATO;2%;SOLUÇĂO OFTÁLMICA;10 ML;FRASCO
BR0271353;PILOCARPINA, CLORIDRATO;2%;SOLUÇĂO OFTÁLMICA;5 ML;FRASCO
BR0267774;PIRIDOXINA, CLORIDRATO;40 MG;COMPRIMIDO;;COMPRIMIDO
BR0268158;PIRIMETAMINA;25 MG;COMPRIMIDO;;COMPRIMIDO
BR0396414-1;PLANTAGO OVATA (PSYLLIUM);null null;PÓ EFERVESCENTE;3,5 G;SACHE
BR0396414-2;PLANTAGO OVATA (PSYLLIUM);null null;PÓ EFERVESCENTE;5,00 G;SACHE
BR0396414-3;PLANTAGO OVATA (PSYLLIUM);null null;PÓ EFERVESCENTE;5,40 G;SACHE
BR0396414-4;PLANTAGO OVATA (PSYLLIUM);null null;PÓ EFERVESCENTE;5,85 G;SACHE
BR0396414-5;PLANTAGO OVATA (PSYLLIUM);null null;PÓ EFERVESCENTE;174 G;POTE
BR0415027;PODOFILINA;25%;SUSPENSĂO TÓPICA;20 ML;FRASCO
BR0273668;PRALIDOXIMA, MESILATO;200 MG;PÓ LIOFILIZADO;null null;FRASCO-AMPOLA
BR0268151-3;PREDNISOLONA;1 MG/ML;SOLUÇĂO ORAL ;120 ML;FRASCO
BR0268150-1;PREDNISOLONA;3 MG/ML;SOLUÇĂO ORAL ;60 ML;FRASCO
BR0268151-1;PREDNISOLONA;1 MG/ML;SOLUÇĂO ORAL ;60 ML;FRASCO
BR0268150-2;PREDNISOLONA;3 MG/ML;SOLUÇĂO ORAL ;100 ML;FRASCO
BR0268151-2;PREDNISOLONA;1 MG/ML;SOLUÇĂO ORAL ;100 ML;FRASCO
BR0268150-3;PREDNISOLONA;3 MG/ML;SOLUÇĂO ORAL ;120 ML;FRASCO
BR0267743;PREDNISONA ;20 MG;COMPRIMIDO;;COMPRIMIDO
BR0267741;PREDNISONA ;5 MG;COMPRIMIDO;;COMPRIMIDO
BR0269833;PRILOCAÍNA + FELIPRESSINA;3 % + 0,03 UI/ML;SOLUÇĂO INJETÁVEL ;1,8 ML;TUBETE
BR0267768;PROMETAZINA, CLORIDRATO;25 MG;COMPRIMIDO;;COMPRIMIDO
BR0267769;PROMETAZINA, CLORIDRATO;25 MG/ML;SOLUÇĂO INJETÁVEL ;2 ML;AMPOLA
BR0384894;PROPAFENONA, CLORIDRATO;150 MG;COMPRIMIDO;;COMPRIMIDO
BR0272412;PROPAFENONA, CLORIDRATO;300 MG;COMPRIMIDO;;COMPRIMIDO
BR0273589;PROPILTIOURACILA;100 MG;COMPRIMIDO;;COMPRIMIDO
BR0267772;PROPRANOLOL, CLORIDRATO;40 MG;COMPRIMIDO;;COMPRIMIDO
BR0267771 ;PROPRANOLOL, CLORIDRATO;10 MG;COMPRIMIDO;;COMPRIMIDO
BR0272362;PROTAMINA, CLORIDRATO;10 MG/ML;SOLUÇĂO INJETÁVEL ;5 ML;AMPOLA
BR0267735;RANITIDINA, CLORIDRATO ;25 MG/ML;SOLUÇĂO INJETÁVEL ;2 ML;AMPOLA
BR0267736;RANITIDINA, CLORIDRATO ;150 MG;COMPRIMIDO;;COMPRIMIDO
BR0267734;RANITIDINA, CLORIDRATO ;15 MG/ML;XAROPE ;120 ML;FRASCO
BR0272565;RETINOL, PALMITATO;150.000 UI/ML;SOLUÇĂO ORAL ;20 ML;FRASCO
BR0399409;RHAMNUS PURSHIANA (CÁSCARA SAGRADA);150 MG;CÁPSULA ;;CAPSULA
BR0399636;RHAMNUS PURSHIANA (CÁSCARA SAGRADA);75 MG;CÁPSULA ;;CAPSULA
BR0399413;RHAMNUS PURSHIANA (CÁSCARA SAGRADA);500 MG;CÁPSULA ;;CAPSULA
BR0303292-2;RINGER LACTATO SÓDICO;null null;SOLUÇĂO INJETÁVEL ;500 ML SISTEMA FECHADO;FRASCO
BR0303292-1;RINGER LACTATO SÓDICO;null null;SOLUÇĂO INJETÁVEL ;250 ML SISTEMA FECHADO;FRASCO
BR0271877;RINGER LACTATO SÓDICO;null null;SOLUÇĂO INJETÁVEL ;500 ML;FRASCO
BR0293839;SAIS PARA REIDRATAÇĂO ORAL (NaCl 3,5G + Glicose 20G + Citrato Na 2,9G + KCl 1,5G)                                ;null null;PÓ PARA SOLUÇĂO ORAL;8,5 G;ENVELOPE
BR0268390;SAIS PARA REIDRATAÇĂO ORAL (NaCl 3,5G + Glicose 20G + Citrato Na 2,9G + KCl 1,5G)                                ;null null;PÓ PARA SOLUÇĂO ORAL;27,9 G;ENVELOPE
BR0268303-1;SALBUTAMOL, SULFATO;5 MG/ML;SOLUÇĂO PARA NEBULIZAÇĂO;10 ML;FRASCO
BR0294887;SALBUTAMOL, SULFATO;100 MCG/DOSE;AEROSSOL ORAL;200 DOSES;FRASCO
BR0268303;SALBUTAMOL, SULFATO;5 MG/ML;SOLUÇĂO PARA NEBULIZAÇĂO;5 ML;FRASCO
BR0268523;SALBUTAMOL, SULFATO;0,5 MG/ML;SOLUÇĂO INJETÁVEL ;1 ML;AMPOLA
BR0395716;SCHINUS TEREBENTHIFOLIUS (AROEIRA);0,67ML/G null;GEL VAGINAL ;60 G;BISNAGA
BR0395716-1;SCHINUS TEREBINTHIFOLIUS (AROEIRA);0,67 ML/G;GEL VAGINAL ;10 G;BISNAGA
BR0395716-2;SCHINUS TEREBINTHIFOLIUS (AROEIRA);0,67 ML/G;GEL VAGINAL ;30 G;BISNAGA
BR0341549;SERINGA 100 UI POLIPROPILENO + AGULHA 12,7 MM X 0,33 MM;null null;;;UM
BR0417059;SERINGA DESCARTÁVEL GRADUADA EM UNIDADES (ESCALA DE 1 EM 1 UNIDADES), AGULHA FIXA (INTEGRADA) DE 6,0MM DE COMPRIMENTO POR 0,25MM DE DIÂMETRO (31G), SEM ESPAÇO MORTO E COM CAPACIDADE PARA ATÉ 50 UNIDADES DE INSULINA;null null;;;UM
BR0285040;SERINGA PARA INSULINA, 1 ML, APIROGĘNICA E ATÓXICA, 100 UI COM BOA VISUALIZAÇĂO, DESCARTÁVEL, ESTÉRIL, AGULHA 13 X 3,8;null null;;;UM
BR0406825;SERINGA, POLIPROPILENO TRANSPARENTE, 1 ML (ESCALA EM UI), BICO CENTRAL SIMPLES OU LUER LOCK, ĘMBOLO C/ROLHA BORRACHA, IMPRESSĂO LEGÍVEL E PERMANENTE, GRADUAÇĂO MÁXIMA 0,2 EM 0,2 ML, NUMERADA, C/ AGULHA 13 X 0,38 MM, BISEL TRIFACETADO, PROTETOR PLÁSTI;null null;;;UM
BR0406819;SERINGA, POLIPROPILENO TRANSPARENTE, 1 ML (ESCALA EM UI), COM SISTEMA SEGURANÇA SEGUNDO NR/32, IMPRESSĂO LEGÍVEL E PERMANENTE, GRADUAÇĂO MÁXIMA 0,2 EM 0,2 ML, NUMERADA, C/ AGULHA 12,7 X 0,33 MM, BISEL TRIFACETADO, PROTETOR PLÁSTICO, DESCARTÁVEL;null null;;;UM
BR0406821;SERINGA, POLIPROPILENO TRANSPARENTE, 1 ML (ESCALA EM UI), ĘMBOLO C/ROLHA BORRACHA, GRADUAÇĂO MÁXIMA 0,2 EM 0,2 UI, NUMERADA, C/ AGULHA FIXA 8 X 0,3 MM, BISEL TRIFACETADO, PROTETOR PLÁSTICO, DESCARTÁVEL, ESTÉRIL;null null;;;UM
BR0267746 ;SINVASTATINA ;10 MG;COMPRIMIDO;;COMPRIMIDO
BR0267747;SINVASTATINA ;20 MG;COMPRIMIDO;;COMPRIMIDO
BR0267745;SINVASTATINA ;40 MG;COMPRIMIDO;;COMPRIMIDO
BR0267765;SULFADIAZINA;500 MG;COMPRIMIDO;;COMPRIMIDO
BR0272089;SULFADIAZINA DE PRATA;1%;CREME ;500 G;POTE
BR0272089-6;SULFADIAZINA DE PRATA;1%;CREME ;50 G;BISNAGA
BR0272089-1;SULFADIAZINA DE PRATA;1%;CREME ;30 G;BISNAGA
BR0308884-4;SULFAMETOXAZOL + TRIMETOPRIMA ;40 + 8 MG/ML;SUSPENSĂO ORAL ;120 ML;FRASCO
BR0308882;SULFAMETOXAZOL + TRIMETOPRIMA ;400 + 80  MG;COMPRIMIDO;;COMPRIMIDO
BR0308884-2;SULFAMETOXAZOL + TRIMETOPRIMA ;40 + 8 MG/ML;SUSPENSĂO ORAL ;60 ML;FRASCO
BR0308885;SULFAMETOXAZOL + TRIMETOPRIMA ;80 + 16 MG/ML;SOLUÇĂO INJETÁVEL ;5 ML;AMPOLA
BR0308884-1;SULFAMETOXAZOL + TRIMETOPRIMA ;40 + 8  MG/ML;SUSPENSĂO ORAL ;50 ML;FRASCO
BR0308884-3;SULFAMETOXAZOL + TRIMETOPRIMA ;40 + 8 MG/ML;SUSPENSĂO ORAL ;100 ML;FRASCO
BR0292345;SULFATO FERROSO (25MG/ML DE FERRO ELEMENTAR);125 MG/ML;SOLUÇĂO ORAL ;30 ML;FRASCO
BR0292344;SULFATO FERROSO (40MG DE FERRO ELEMENTAR);109 MG;COMPRIMIDO;;COMPRIMIDO
BR0332468-2;SULFATO FERROSO (5MG/ML DE FERRO ELEMENTAR);25 MG/ML;XAROPE ;100 ML;FRASCO
BR0332468-1;SULFATO FERROSO (5MG/ML DE FERRO ELEMENTAR);25 MG/ML;XAROPE ;60 ML;FRASCO
BR0273618;TECLOZANA;10 MG/ML;SUSPENSĂO ORAL ;90 ML;FRASCO
BR0273619;TECLOZANA;500 MG;COMPRIMIDO;;COMPRIMIDO
BR0272341;TIAMINA, CLORIDRATO;300 MG;COMPRIMIDO;;COMPRIMIDO
BR0272581;TIMOLOL, MALEATO;0,50%;SOLUÇĂO OFTÁLMICA;5 ML;FRASCO
BR0272582;TIMOLOL, MALEATO;0,25%;SOLUÇĂO OFTÁLMICA;5 ML;FRASCO
BR0339565;TIRA REAGENTE PARA MEDIR GLICEMIA CAPILAR;null null;;;UM
BR0399441;UNCARIA TOMENTOSA (UNHA DE GATO);50 MG/G;GEL;5 G;BISNAGA
BR0399442;UNCARIA TOMENTOSA (UNHA DE GATO);100 MG;CÁPSULA ;;CAPSULA
BR0279269;VARFARINA SÓDICA ;5 MG;COMPRIMIDO;;COMPRIMIDO
BR0279271;VARFARINA SÓDICA ;1 MG;COMPRIMIDO;;COMPRIMIDO
BR0267424;VERAPAMIL, CLORIDRATO;2,5 MG/ML;SOLUÇĂO INJETÁVEL ;2 ML;AMPOLA
BR0267425;VERAPAMIL, CLORIDRATO;80 MG;COMPRIMIDO;;COMPRIMIDO
BR0267573;VERAPAMIL, CLORIDRATO;120 MG;COMPRIMIDO;;COMPRIMIDO
